Number,Player,Pos,HT,WT,Age,Current Team,YOS,Pre-Draft Team,Draft Status,Nationality
5,Precious Achiuwa,SF,8-Jun,235,22,Toronto Raptors,1,Memphis,2020 Rnd 1 Pick 20,Nigeria
4,Steven Adams,C,11-Jun,265,28,Memphis Grizzlies,8,Pittsburgh,2013 Rnd 1 Pick 12,New Zealand
13,Bam Adebayo,C,10-Jun,255,24,Miami Heat,4,Kentucky,2017 Rnd 1 Pick 14,United States
7,Santi Aldama,C,11-Jun,224,20,Memphis Grizzlies,0,Loyola (MD),2021 Rnd 1 Pick 30,Spain
21,LaMarcus Aldridge,FC,11-Jun,265,36,Brooklyn Nets,15,Texas,2006 Rnd 1 Pick 2,United States
6,Nickeil Alexander-Walker,SG,5-Jun,205,23,New Orleans Pelicans,2,Virginia Tech,2019 Rnd 1 Pick 17,Canada
7,Grayson Allen,SG,4-Jun,198,26,Milwaukee Bucks,3,Duke,2018 Rnd 1 Pick 21,United States
31,Jarrett Allen,C,11-Jun,248,23,Cleveland Cavaliers,4,Texas,2017 Rnd 1 Pick 22,United States
15,Jose Alvarado,G,1-Jun,179,24,New Orleans Pelicans,0,Georgia Tech,"2021 NBA Draft, Undrafted",United States
1,Kyle Anderson,PF,8-Jun,230,28,Memphis Grizzlies,7,UCLA,2014 Rnd 1 Pick 30,United States
34,Giannis Antetokounmpo,F,11-Jun,242,26,Milwaukee Bucks,8,Filathlitikos Div II Greece (Greece),2013 Rnd 1 Pick 15,Greece
43,Thanasis Antetokounmpo,SF,7-Jun,215,29,Milwaukee Bucks,3,Delaware 87ers,2014 Rnd 2 Pick 21,Greece
7,Carmelo Anthony,F,8-Jun,240,37,Los Angeles Lakers,18,Syracuse,2003 Rnd 1 Pick 3,United States
50,Cole Anthony,PG,3-Jun,190,21,Orlando Magic,1,North Carolina,2020 Rnd 1 Pick 15,United States
3,Ogugua Anunoby,SF,8-Jun,232,24,Toronto Raptors,4,Indiana,2017 Rnd 1 Pick 23,England
14,Dj Augustin,G,1-Jun,183,34,Houston Rockets,13,Texas,2008 Rnd 1 Pick 9,United States
9,Deni Avdija,SG,9-Jun,210,20,Washington Wizards,1,Maccabi Tel Aviv U18 (Israel),2020 Rnd 1 Pick 9,Israel
17,Joel Ayayi,G,5-Jun,180,22,Washington Wizards,0,Gonzaga,"2021 NBA Draft, Undrafted",France
22,Deandre Ayton,C,1-Jul,250,23,Phoenix Suns,3,Arizona,2018 Rnd 1 Pick 1,Bahamas
20,Udoka Azubuike,C,1-Jul,270,22,Utah Jazz,1,Kansas,2020 Rnd 1 Pick 27,Nigeria
35,Marvin Bagley III,PF,11-Jun,240,22,Sacramento Kings,3,Duke,2018 Rnd 1 Pick 2,United States
2,LaMelo Ball,G,7-Jun,185,20,Charlotte Hornets,1,Illawarra (Australia),2020 Rnd 1 Pick 3,United States
2,Lonzo Ball,PG,6-Jun,190,24,Chicago Bulls,4,UCLA,2017 Rnd 1 Pick 2,United States
5,Mohamed Bamba,C,1-Jul,250,23,Orlando Magic,3,Texas,2018 Rnd 1 Pick 6,United States
22,Desmond Bane,SG,6-Jun,215,23,Memphis Grizzlies,1,Texas Christian,2020 Rnd 1 Pick 30,United States
45,Dalano Banton,PG,9-Jun,204,22,Toronto Raptors,0,Nebraska,2021 Rnd 2 Pick 16,Canada
40,Harrison Barnes,SF,8-Jun,225,29,Sacramento Kings,9,North Carolina,2012 Rnd 1 Pick 7,United States
4,Scottie Barnes,SF,9-Jun,227,20,Toronto Raptors,0,Florida State,2021 Rnd 1 Pick 4,United States
9,RJ Barrett,SG,7-Jun,202,21,New York Knicks,2,Duke,2019 Rnd 1 Pick 3,Canada
5,Will Barton,GF,5-Jun,181,30,Denver Nuggets,9,Memphis,2012 Rnd 2 Pick 10,United States
23,Charles Bassey,PF,10-Jun,235,21,Philadelphia Sixers,0,Western Kentucky,2021 Rnd 2 Pick 23,Nigeria
31,Keita Bates-Diop,SF,8-Jun,230,25,San Antonio Spurs,3,Ohio State,2018 Rnd 2 Pick 18,United States
33,Nicolas Batum,F,8-Jun,230,32,Los Angeles Clippers,13,Le Mans Sarthe Basket (France),2008 Rnd 1 Pick 25,France
9,Kent Bazemore,GF,4-Jun,195,32,Los Angeles Lakers,9,Old Dominion,"2012 NBA Draft, Undrafted",United States
7,Darius Bazley,PF,8-Jun,208,21,Oklahoma City Thunder,2,,2019 Rnd 1 Pick 23,United States
3,Bradley Beal,SG,3-Jun,207,28,Washington Wizards,9,Florida,2012 Rnd 1 Pick 3,United States
5,Malik Beasley,SG,4-Jun,196,25,Minnesota Timberwolves,5,Florida State,2016 Rnd 1 Pick 19,United States
95,DeAndre' Bembry,GF,5-Jun,210,27,Brooklyn Nets,5,Saint Joseph's,2016 Rnd 1 Pick 21,United States
42,Davis Bertans,SF,10-Jun,225,29,Washington Wizards,5,Union Olimpija (Slovenia),2011 Rnd 2 Pick 12,Latvia
22,Patrick Beverley,PG,1-Jun,180,33,Minnesota Timberwolves,9,Dnipro Dnipropetrovsk (Ukraine),2009 Rnd 2 Pick 12,United States
41,Saddiq Bey,F,8-Jun,215,22,Detroit Pistons,1,Villanova,2020 Rnd 1 Pick 19,United States
24,Khem Birch,PF,9-Jun,230,29,Toronto Raptors,4,UNLV,"2014 NBA Draft, Undrafted",Canada
88,Goga Bitadze,C,11-Jun,245,22,Indiana Pacers,2,KK Mega Bemax (Serbia),2019 Rnd 1 Pick 18,Georgia
8,Nemanja Bjelica,PF,10-Jun,235,33,Golden State Warriors,6,KK Crvena Zvezda (Serbia),2010 Rnd 2 Pick 5,Serbia
12,Eric Bledsoe,PG,1-Jun,214,31,Los Angeles Clippers,11,Kentucky,2010 Rnd 1 Pick 18,United States
21,Keljin Blevins,G,4-Jun,200,26,Portland Trail Blazers,1,Montana State,"2019 NBA Draft, Undrafted",United States
13,Bogdan Bogdanovic,SG,6-Jun,220,29,Atlanta Hawks,4,KK Partizan (Serbia),2014 Rnd 1 Pick 27,Serbia
44,Bojan Bogdanovic,F,8-Jun,216,32,Utah Jazz,7,KK Cibona (Croatia),2011 Rnd 2 Pick 1,Bosnia and Herzegovina
10,Bol Bol,C,2-Jul,209,22,Denver Nuggets,2,Oregon,2019 Rnd 2 Pick 14,United States
9,Leandro Bolmaro,SG,6-Jun,200,21,Minnesota Timberwolves,0,FC Barcelona II (Spain),2020 Rnd 1 Pick 23,Argentina
17,Isaac Bonga,SG,8-Jun,180,22,Toronto Raptors,3,Fraport Skyliners (Germany),2018 Rnd 2 Pick 9,Germany
1,Devin Booker,SG,6-Jun,206,25,Phoenix Suns,6,Kentucky,2015 Rnd 1 Pick 13,United States
4,"Brandon Boston, Jr.",SG,6-Jun,188,20,Los Angeles Clippers,0,Kentucky,2021 Rnd 2 Pick 21,United States
25,Chris Boucher,PF,10-Jun,200,28,Toronto Raptors,4,Oregon,"2017 NBA Draft, Undrafted",Saint Lucia
5,James Bouknight,G,4-Jun,185,21,Charlotte Hornets,0,Connecticut,2021 Rnd 1 Pick 11,United States
20,Avery Bradley,PG,3-Jun,180,31,Los Angeles Lakers,11,Texas,2010 Rnd 1 Pick 19,United States
13,Tony Bradley,C,11-Jun,248,23,Chicago Bulls,4,North Carolina,2017 Rnd 1 Pick 28,United States
17,Ignas Brazdeikis,SF,6-Jun,221,22,Orlando Magic,2,Michigan,2019 Rnd 2 Pick 17,Lithuania
25,Mikal Bridges,SG,7-Jun,210,25,Phoenix Suns,3,Villanova,2018 Rnd 1 Pick 10,United States
0,Miles Bridges,SF,7-Jun,225,23,Charlotte Hornets,3,Michigan State,2018 Rnd 1 Pick 12,United States
12,OShae Brissett,PF,7-Jun,210,23,Indiana Pacers,2,Syracuse,"2019 NBA Draft, Undrafted",Canada
7,Malcolm Brogdon,SG,5-Jun,229,28,Indiana Pacers,5,Virginia,2016 Rnd 2 Pick 6,United States
7,Armoni Brooks,SG,3-Jun,195,23,Houston Rockets,1,Houston,"2019 NBA Draft, Undrafted",United States
24,Dillon Brooks,F,6-Jun,215,25,Memphis Grizzlies,4,Oregon,2017 Rnd 2 Pick 15,Canada
4,Greg Brown III,SF,8-Jun,206,20,Portland Trail Blazers,0,Texas,2021 Rnd 2 Pick 13,United States
38,Chaundee Brown,SF,5-Jun,215,23,Los Angeles Lakers,0,Michigan,"2021 NBA Draft, Undrafted",United States
7,Jaylen Brown,SF,6-Jun,220,25,Boston Celtics,5,California,2016 Rnd 1 Pick 3,United States
1,"Bruce Brown, Jr.",SG,4-Jun,202,25,Brooklyn Nets,3,Miami (FL),2018 Rnd 2 Pick 12,United States
7,"Troy Brown, Jr.",SF,6-Jun,215,22,Chicago Bulls,3,Oregon,2018 Rnd 1 Pick 15,United States
9,Moses Brown,C,1-Jul,245,22,Dallas Mavericks,2,UCLA,"2019 NBA Draft, Undrafted",United States
0,Sterling Brown,G,5-Jun,219,26,Dallas Mavericks,4,Southern Methodist,2017 Rnd 2 Pick 16,United States
13,Jalen Brunson,PG,1-Jun,190,25,Dallas Mavericks,3,Villanova,2018 Rnd 2 Pick 3,United States
13,Thomas Bryant,C,10-Jun,248,24,Washington Wizards,4,Indiana,2017 Rnd 2 Pick 12,United States
25,Reggie Bullock,SG,7-Jun,205,30,Dallas Mavericks,8,North Carolina,2013 Rnd 1 Pick 25,United States
3,Trey Burke,G,1-Jun,185,29,Dallas Mavericks,8,Michigan,2013 Rnd 1 Pick 9,United States
18,Alec Burks,SG,6-Jun,214,30,New York Knicks,10,Colorado,2011 Rnd 1 Pick 12,United States
13,Jared Butler,PG,3-Jun,195,21,Utah Jazz,0,Baylor,2021 Rnd 2 Pick 10,United States
22,Jimmy Butler,GF,8-Jun,232,32,Miami Heat,10,Marquette,2011 Rnd 1 Pick 30,United States
16,Devontae Cacok,PF,7-Jun,240,25,San Antonio Spurs,2,UNC Wilmington,"2019 NBA Draft, Undrafted",United States
1,Kentavious Caldwell-Pope,SG,5-Jun,204,28,Washington Wizards,8,Georgia,2013 Rnd 1 Pick 8,United States
7,Facundo Campazzo,PG,11-May,165,30,Denver Nuggets,1,Penarol (Argentina),"2013 NBA Draft, Undrafted",Argentina
31,Vlatko Cancar,SF,8-Jun,236,24,Denver Nuggets,2,KK Mega Bemax (Serbia),2017 Rnd 2 Pick 19,Slovenia
15,Clint Capela,PF,10-Jun,240,27,Atlanta Hawks,7,Chalon-Sur-Saone (France),2014 Rnd 1 Pick 25,Switzerland
22,"Vernon Carey, Jr.",PF,9-Jun,258,20,Charlotte Hornets,1,Duke,2020 Rnd 2 Pick 2,United States
0,Jevon Carter,PG,1-Jun,195,26,Brooklyn Nets,3,West Virginia,2018 Rnd 2 Pick 2,United States
34,"Wendell Carter, Jr.",PF,10-Jun,270,22,Orlando Magic,3,Duke,2018 Rnd 1 Pick 7,United States
7,Michael Carter-Williams,PG,6-Jun,195,30,Orlando Magic,8,Syracuse,2013 Rnd 1 Pick 11,United States
6,Alex Caruso,G,4-Jun,186,27,Chicago Bulls,4,Texas A&M,"2016 NBA Draft, Undrafted",United States
33,Willie Cauley-Stein,C,1-Jul,240,28,Dallas Mavericks,6,Kentucky,2015 Rnd 1 Pick 6,United States
11,Justin Champagnie,F,6-Jun,200,21,Toronto Raptors,0,Pittsburgh,"2021 NBA Draft, Undrafted",United States
2,Chris Chiozza,PG,11-May,175,26,Golden State Warriors,3,Florida,"2018 NBA Draft, Undrafted",United States
9,Josh Christopher,G,5-Jun,215,19,Houston Rockets,0,Arizona State,2021 Rnd 1 Pick 24,United States
12,Gary Clark,SF,6-Jun,225,27,New Orleans Pelicans,3,Cincinnati,"2018 NBA Draft, Undrafted",United States
15,Brandon Clarke,PF,8-Jun,210,25,Memphis Grizzlies,2,Gonzaga,2019 Rnd 1 Pick 21,Canada
0,Jordan Clarkson,G,5-Jun,192,29,Utah Jazz,7,Missouri,2014 Rnd 2 Pick 16,United States
33,Nicolas Claxton,C,11-Jun,226,22,Brooklyn Nets,2,Georgia,2019 Rnd 2 Pick 1,United States
7,Amir Coffey,SF,7-Jun,210,25,Los Angeles Clippers,2,Minnesota,"2019 NBA Draft, Undrafted",United States
20,John Collins,PF,9-Jun,235,24,Atlanta Hawks,4,Wake Forest,2017 Rnd 1 Pick 19,United States
23,Zach Collins,C,11-Jun,250,24,San Antonio Spurs,4,Gonzaga,2017 Rnd 1 Pick 10,United States
11,Mike Conley,PG,1-Jun,175,34,Utah Jazz,14,Ohio State,2007 Rnd 1 Pick 4,United States
24,Pat Connaughton,SF,4-Jun,209,28,Milwaukee Bucks,6,Notre Dame,2015 Rnd 2 Pick 11,United States
25,Tyler Cook,C,8-Jun,255,24,Chicago Bulls,2,Iowa,"2019 NBA Draft, Undrafted",United States
2,Sharife Cooper,PG,1-Jun,180,21,Atlanta Hawks,0,Auburn,2021 Rnd 2 Pick 18,United States
21,Petr Cornelie,C,11-Jun,220,26,Denver Nuggets,0,Le Mans Sarthe Basket (France),2016 Rnd 2 Pick 23,France
15,DeMarcus Cousins,C,11-Jun,270,31,Milwaukee Bucks,11,Kentucky,2010 Rnd 1 Pick 5,United States
33,Robert Covington,F,7-Jun,209,30,Portland Trail Blazers,8,Tennessee State,"2013 NBA Draft, Undrafted",United States
13,Torrey Craig,GF,7-Jun,221,30,Indiana Pacers,4,USC Upstate,"2014 NBA Draft, Undrafted",United States
99,Jae Crowder,SF,6-Jun,235,31,Phoenix Suns,9,Marquette,2012 Rnd 2 Pick 4,United States
23,Jarrett Culver,SG,6-Jun,195,22,Memphis Grizzlies,2,Texas Tech,2019 Rnd 1 Pick 6,United States
2,Cade Cunningham,SF,6-Jun,220,20,Detroit Pistons,0,Oklahoma State,2021 Rnd 1 Pick 1,United States
31,Seth Curry,G,1-Jun,190,31,Philadelphia Sixers,8,Duke,"2013 NBA Draft, Undrafted",United States
30,Stephen Curry,G,3-Jun,193,33,Golden State Warriors,12,Davidson,2009 Rnd 1 Pick 7,United States
3,Anthony Davis,PF,10-Jun,253,28,Los Angeles Lakers,9,Kentucky,2012 Rnd 1 Pick 1,United States
17,Ed Davis,PF,9-Jun,218,32,Cleveland Cavaliers,11,North Carolina,2010 Rnd 1 Pick 13,United States
9,Terence Davis,SF,4-Jun,205,24,Sacramento Kings,2,Ole Miss,"2019 NBA Draft, Undrafted",United States
11,DeMar DeRozan,GF,6-Jun,220,32,Chicago Bulls,12,USC,2009 Rnd 1 Pick 9,United States
6,Gabriel Deck,F,8-Jun,232,26,Oklahoma City Thunder,1,Quimsa (Argentina),"2017 NBA Draft, Undrafted",Argentina
21,Dewayne Dedmon,PF,1-Jul,245,32,Miami Heat,8,USC,"2013 NBA Draft, Undrafted",United States
0,Donte DiVincenzo,SG,4-Jun,203,24,Milwaukee Bucks,3,Villanova,2018 Rnd 1 Pick 17,United States
6,Hamidou Diallo,SG,5-Jun,202,23,Detroit Pistons,3,Kentucky,2018 Rnd 2 Pick 15,United States
10,Gorgui Dieng,FC,10-Jun,250,31,Atlanta Hawks,8,Louisville,2013 Rnd 1 Pick 21,Senegal
26,Spencer Dinwiddie,PG,5-Jun,215,28,Washington Wizards,7,Colorado,2014 Rnd 2 Pick 8,United States
77,Luka Doncic,SF,7-Jun,230,22,Dallas Mavericks,3,Real Madrid (Spain),2018 Rnd 1 Pick 3,Slovenia
5,Luguentz Dort,PG,4-Jun,215,22,Oklahoma City Thunder,2,Arizona State,"2019 NBA Draft, Undrafted",Canada
12,Ayo Dosunmu,PG,5-Jun,200,21,Chicago Bulls,0,Illinois,2021 Rnd 2 Pick 8,United States
3,Devon Dotson,PG,1-Jun,185,22,Chicago Bulls,1,Kansas,"2020 NBA Draft, Undrafted",United States
4,Jeff Dowtin,PG,3-Jun,180,24,Golden State Warriors,0,Rhode Island,"2020 NBA Draft, Undrafted",United States
35,Pj Dozier,PG,6-Jun,205,25,Denver Nuggets,4,South Carolina,"2017 NBA Draft, Undrafted",United States
1,Goran Dragic,G,3-Jun,190,35,Toronto Raptors,13,Union Olimpija (Slovenia),2008 Rnd 2 Pick 15,Slovenia
1,Andre Drummond,C,10-Jun,280,28,Philadelphia Sixers,9,Connecticut,2012 Rnd 1 Pick 9,United States
3,Chris Duarte,PG,6-Jun,190,24,Indiana Pacers,0,Oregon,2021 Rnd 1 Pick 13,Canada
30,David Duke,SG,4-Jun,204,22,Brooklyn Nets,0,Providence,"2021 NBA Draft, Undrafted",United States
7,Kevin Durant,SF,10-Jun,225,33,Brooklyn Nets,14,Texas,2007 Rnd 1 Pick 2,United States
1,Anthony Edwards,SF,5-Jun,229,20,Minnesota Timberwolves,1,Georgia,2020 Rnd 1 Pick 1,United States
14,Kessler Edwards,SG,7-Jun,203,21,Brooklyn Nets,0,Pepperdine,2021 Rnd 2 Pick 14,United States
16,Cj Elleby,SF,6-Jun,200,21,Portland Trail Blazers,1,Washington State,2020 Rnd 2 Pick 16,United States
2,Wayne Ellington,SG,4-Jun,207,34,Los Angeles Lakers,12,North Carolina,2009 Rnd 1 Pick 28,United States
21,Joel Embiid,C,1-Jul,280,27,Philadelphia Sixers,7,Kansas,2014 Rnd 1 Pick 3,Cameroon
14,Drew Eubanks,C,10-Jun,245,24,San Antonio Spurs,3,Oregon State,"2018 NBA Draft, Undrafted",United States
99,Tacko Fall,C,6-Jul,250,25,Cleveland Cavaliers,2,UCF,"2019 NBA Draft, Undrafted",Senegal
15,Derrick Favors,FC,10-Jun,265,30,Oklahoma City Thunder,11,Georgia Tech,2010 Rnd 1 Pick 3,United States
28,Bruno Fernando,C,9-Jun,240,23,Boston Celtics,2,Maryland,2019 Rnd 2 Pick 4,Angola
10,Dorian Finney-Smith,SF,7-Jun,220,28,Dallas Mavericks,5,Florida,"2016 NBA Draft, Undrafted",United States
24,Malik Fitts,SF,8-Jun,230,24,Utah Jazz,1,Saint Mary's,"2020 NBA Draft, Undrafted",United States
8,Malachi Flynn,PG,1-Jun,185,23,Toronto Raptors,1,San Diego State,2020 Rnd 1 Pick 29,United States
7,Bryn Forbes,G,2-Jun,205,28,San Antonio Spurs,5,Michigan State,"2016 NBA Draft, Undrafted",United States
3,Trent Forrest,SG,4-Jun,210,24,Utah Jazz,1,Florida State,"2020 NBA Draft, Undrafted",United States
13,Evan Fournier,SG,7-Jun,205,29,New York Knicks,9,Poitiers Basket 86 (France),2012 Rnd 1 Pick 20,France
5,De'Aaron Fox,PG,3-Jun,185,23,Sacramento Kings,4,Kentucky,2017 Rnd 1 Pick 5,United States
20,Markelle Fultz,PG,4-Jun,209,23,Orlando Magic,4,Washington,2017 Rnd 1 Pick 1,United States
21,Daniel Gafford,C,11-Jun,234,23,Washington Wizards,2,Arkansas,2019 Rnd 2 Pick 8,United States
8,Danilo Gallinari,SF,10-Jun,233,33,Atlanta Hawks,13,AX Armani Exchange Milan (Italy),2008 Rnd 1 Pick 6,Italy
10,Darius Garland,G,1-Jun,186,21,Cleveland Cavaliers,2,Vanderbilt,2019 Rnd 1 Pick 5,United States
0,Marcus Garrett,PG,5-Jun,205,23,Miami Heat,0,Kansas,"2021 NBA Draft, Undrafted",United States
16,Usman Garuba,C,8-Jun,220,19,Houston Rockets,0,Real Madrid (Spain),2021 Rnd 1 Pick 23,Spain
55,Luka Garza,C,11-Jun,235,22,Detroit Pistons,0,Iowa,2021 Rnd 2 Pick 22,United States
8,Rudy Gay,SF,8-Jun,240,35,Utah Jazz,15,Connecticut,2006 Rnd 1 Pick 8,United States
13,Paul George,GF,8-Jun,220,31,Los Angeles Clippers,11,Fresno State,2010 Rnd 1 Pick 10,United States
67,Taj Gibson,F,9-Jun,232,36,New York Knicks,12,USC,2009 Rnd 1 Pick 26,United States
3,Josh Giddey,G,8-Jun,210,19,Oklahoma City Thunder,0,Adelaide (Australia),2021 Rnd 1 Pick 6,Australia
2,Shai Gilgeous-Alexander,PG,6-Jun,181,23,Oklahoma City Thunder,3,Kentucky,2018 Rnd 1 Pick 11,Canada
16,Anthony Gill,PF,8-Jun,230,29,Washington Wizards,1,Virginia,"2016 NBA Draft, Undrafted",United States
27,Rudy Gobert,C,1-Jul,245,29,Utah Jazz,8,Cholet Basket (France),2013 Rnd 1 Pick 27,France
50,Aaron Gordon,F,8-Jun,235,26,Denver Nuggets,7,Arizona,2014 Rnd 1 Pick 4,United States
10,Eric Gordon,G,3-Jun,215,32,Houston Rockets,13,Indiana,2008 Rnd 1 Pick 7,United States
4,Devonte' Graham,PG,1-Jun,185,26,New Orleans Pelicans,3,Kansas,2018 Rnd 2 Pick 4,United States
9,Jerami Grant,F,8-Jun,210,27,Detroit Pistons,7,Syracuse,2014 Rnd 2 Pick 9,United States
14,Danny Green,SF,6-Jun,220,34,Philadelphia Sixers,12,North Carolina,2009 Rnd 2 Pick 16,United States
23,Draymond Green,F,6-Jun,235,31,Golden State Warriors,9,Michigan State,2012 Rnd 2 Pick 5,United States
0,JaMychal Green,PF,8-Jun,227,31,Denver Nuggets,7,Alabama,"2012 NBA Draft, Undrafted",United States
0,Jalen Green,SG,6-Jun,178,19,Houston Rockets,0,NBA G League Ignite,2021 Rnd 1 Pick 2,United States
24,Javonte Green,G,4-Jun,205,28,Chicago Bulls,2,Radford,"2015 NBA Draft, Undrafted",United States
32,Jeff Green,F,8-Jun,235,35,Denver Nuggets,13,Georgetown,2007 Rnd 1 Pick 5,United States
8,Josh Green,SG,6-Jun,210,21,Dallas Mavericks,1,Arizona,2020 Rnd 1 Pick 18,United States
2,Blake Griffin,PF,9-Jun,246,32,Brooklyn Nets,12,Oklahoma,2009 Rnd 1 Pick 1,United States
6,Quentin Grimes,SG,5-Jun,205,21,New York Knicks,0,Houston,2021 Rnd 1 Pick 25,United States
8,Rui Hachimura,F,8-Jun,230,23,Washington Wizards,2,Gonzaga,2019 Rnd 1 Pick 9,Japan
0,Tyrese Haliburton,PG,5-Jun,172,21,Sacramento Kings,1,Iowa State,2020 Rnd 1 Pick 12,United States
13,RJ Hampton,G,6-Jun,176,20,Orlando Magic,1,New Zealand (New Zealand),2020 Rnd 1 Pick 24,United States
11,Tim Hardaway Jr.,SG,5-Jun,205,29,Dallas Mavericks,8,Michigan,2013 Rnd 1 Pick 24,United States
13,James Harden,SG,5-Jun,220,32,Brooklyn Nets,12,Arizona State,2009 Rnd 1 Pick 3,United States
8,Maurice Harkless,F,9-Jun,220,28,Sacramento Kings,9,St. John's,2012 Rnd 1 Pick 15,United States
6,Montrezl Harrell,F,7-Jun,240,27,Washington Wizards,6,Louisville,2015 Rnd 2 Pick 2,United States
14,Gary Harris,SG,4-Jun,205,27,Orlando Magic,7,Michigan State,2014 Rnd 1 Pick 19,United States
12,Joe Harris,SG,6-Jun,220,30,Brooklyn Nets,7,Virginia,2014 Rnd 2 Pick 3,United States
33,Tobias Harris,F,7-Jun,230,29,Philadelphia Sixers,10,Tennessee,2011 Rnd 1 Pick 19,United States
3,Josh Hart,SG,5-Jun,215,26,New Orleans Pelicans,4,Villanova,2017 Rnd 1 Pick 30,United States
55,Isaiah Hartenstein,PF,1-Jul,250,23,Los Angeles Clippers,3,Zalgiris (Lithuania),2017 Rnd 2 Pick 13,United States
40,Udonis Haslem,FC,8-Jun,235,41,Miami Heat,18,Florida,"2002 NBA Draft, Undrafted",United States
30,Sam Hauser,SF,8-Jun,215,24,Boston Celtics,0,Virginia,"2021 NBA Draft, Undrafted",United States
10,Jaxson Hayes,PF,11-Jun,220,21,New Orleans Pelicans,2,Texas,2019 Rnd 1 Pick 8,United States
7,Killian Hayes,G,5-Jun,216,20,Detroit Pistons,1,Ratiopharm Ulm (Germany),2020 Rnd 1 Pick 7,France
20,Gordon Hayward,GF,7-Jun,230,31,Charlotte Hornets,11,Butler,2010 Rnd 1 Pick 9,United States
50,Aaron Henry,F,5-Jun,220,22,Philadelphia Sixers,0,Michigan State,"2021 NBA Draft, Undrafted",United States
41,Juancho Hernangomez,F,9-Jun,214,26,Boston Celtics,5,Movistar Estudiantes (Spain),2016 Rnd 1 Pick 15,Spain
9,Willy Hernangomez,C,11-Jun,250,27,New Orleans Pelicans,5,Cajasol Seville U18 (Spain),2015 Rnd 2 Pick 5,Spain
14,Tyler Herro,SG,6-Jun,195,21,Miami Heat,2,Kentucky,2019 Rnd 1 Pick 13,United States
24,Buddy Hield,G,4-Jun,220,28,Sacramento Kings,5,Oklahoma,2016 Rnd 1 Pick 6,Bahamas
3,George Hill,G,3-Jun,188,35,Milwaukee Bucks,13,IUPUI,2008 Rnd 1 Pick 26,United States
18,Solomon Hill,SF,6-Jun,226,30,Atlanta Hawks,8,Arizona,2013 Rnd 1 Pick 23,United States
4,Aaron Holiday,PG,1-Jun,185,25,Washington Wizards,3,UCLA,2018 Rnd 1 Pick 23,United States
21,Jrue Holiday,G,4-Jun,205,31,Milwaukee Bucks,12,UCLA,2009 Rnd 1 Pick 17,United States
8,Justin Holiday,SF,6-Jun,181,32,Indiana Pacers,8,Washington,"2011 NBA Draft, Undrafted",United States
22,Richaun Holmes,F,10-Jun,240,28,Sacramento Kings,6,Bowling Green,2015 Rnd 2 Pick 7,United States
34,Daulton Hommes,G,8-Jun,215,25,New Orleans Pelicans,0,Point Loma,"2019 NBA Draft, Undrafted",United States
5,Rodney Hood,F,8-Jun,205,29,Milwaukee Bucks,7,Duke,2014 Rnd 1 Pick 23,United States
42,Al Horford,FC,9-Jun,240,35,Boston Celtics,14,Florida,2007 Rnd 1 Pick 3,Dominican Republic
5,Talen Horton-Tucker,SF,4-Jun,233,21,Los Angeles Lakers,2,Iowa State,2019 Rnd 2 Pick 16,United States
4,Danuel House,F,6-Jun,215,28,Houston Rockets,5,Texas A&M,"2016 NBA Draft, Undrafted",United States
39,Dwight Howard,C,11-Jun,265,35,Los Angeles Lakers,17,Southwest Atlanta Christian Academy (Georgia),2004 Rnd 1 Pick 1,United States
0,Markus Howard,SG,11-May,180,23,Denver Nuggets,1,Marquette,"2020 NBA Draft, Undrafted",United States
3,Kevin Huerter,SF,7-Jun,190,23,Atlanta Hawks,3,Maryland,2018 Rnd 1 Pick 19,United States
30,Jay Huff,C,1-Jul,240,23,Los Angeles Lakers,0,Virginia,"2021 NBA Draft, Undrafted",United States
33,Elijah Hughes,SF,6-Jun,215,23,Utah Jazz,1,Syracuse,2020 Rnd 2 Pick 9,United States
12,De'Andre Hunter,PF,7-Jun,225,24,Atlanta Hawks,2,Virginia,2019 Rnd 1 Pick 4,United States
35,Chandler Hutchison,SG,7-Jun,210,25,Phoenix Suns,3,Boise State,2018 Rnd 1 Pick 22,United States
3,Bones Hyland,G,3-Jun,173,21,Denver Nuggets,0,VCU,2021 Rnd 1 Pick 26,United States
9,Serge Ibaka,C,10-Jun,235,32,Los Angeles Clippers,12,CB L'Hospitalet (Spain),2008 Rnd 1 Pick 24,Republic of the Congo
9,Andre Iguodala,SF,6-Jun,215,37,Golden State Warriors,17,Arizona,2004 Rnd 1 Pick 9,United States
2,Joe Ingles,F,8-Jun,226,34,Utah Jazz,7,Melbourne South (Australia),"2009 NBA Draft, Undrafted",Australia
14,Brandon Ingram,SF,7-Jun,190,24,New Orleans Pelicans,5,Duke,2016 Rnd 1 Pick 2,United States
11,Kyrie Irving,G,2-Jun,195,29,Brooklyn Nets,10,Duke,2011 Rnd 1 Pick 1,United States
1,Jonathan Isaac,SF,10-Jun,230,24,Orlando Magic,4,Florida State,2017 Rnd 1 Pick 6,United States
5,Frank Jackson,SG,3-Jun,205,23,Detroit Pistons,4,Duke,2017 Rnd 2 Pick 1,United States
23,Isaiah Jackson,PF,10-Jun,206,19,Indiana Pacers,0,Kentucky,2021 Rnd 1 Pick 22,United States
20,Josh Jackson,SF,8-Jun,207,24,Detroit Pistons,4,Kansas,2017 Rnd 1 Pick 4,United States
13,"Jaren Jackson, Jr.",PF,11-Jun,242,22,Memphis Grizzlies,3,Michigan State,2018 Rnd 1 Pick 4,United States
1,Reggie Jackson,G,2-Jun,208,31,Los Angeles Clippers,10,Boston College,2011 Rnd 1 Pick 24,Italy
6,LeBron James,F,8-Jun,250,36,Los Angeles Lakers,18,St. Vincent St. Mary High School (Ohio),2003 Rnd 1 Pick 1,United States
17,DeJon Jarreau,PG,5-Jun,185,24,Indiana Pacers,0,Houston,"2021 NBA Draft, Undrafted",United States
10,Ty Jerome,PG,5-Jun,195,24,Oklahoma City Thunder,2,Virginia,2019 Rnd 1 Pick 24,United States
7,Isaiah Joe,SG,3-Jun,175,22,Philadelphia Sixers,1,Arkansas,2020 Rnd 2 Pick 19,United States
22,Alize Johnson,SF,7-Jun,212,25,Chicago Bulls,3,Missouri State,2018 Rnd 2 Pick 20,United States
23,Cameron Johnson,G,9-Jun,210,25,Phoenix Suns,2,North Carolina,2019 Rnd 1 Pick 11,United States
13,David Johnson,SG,5-Jun,210,21,Toronto Raptors,0,Louisville,2021 Rnd 2 Pick 17,United States
1,Jalen Johnson,PF,9-Jun,220,19,Atlanta Hawks,0,Duke,2021 Rnd 1 Pick 20,United States
16,James Johnson,F,7-Jun,235,34,Brooklyn Nets,12,Wake Forest,2009 Rnd 1 Pick 16,United States
3,Keldon Johnson,SF,6-Jun,210,22,San Antonio Spurs,2,Kentucky,2019 Rnd 1 Pick 29,United States
45,Keon Johnson,PG,4-Jun,185,19,Los Angeles Clippers,0,Tennessee,2021 Rnd 1 Pick 21,United States
15,Nikola Jokic,C,1-Jul,284,26,Denver Nuggets,6,KK Mega Bemax (Serbia),2014 Rnd 2 Pick 11,Serbia
15,Damian Jones,PF,1-Jul,245,26,Sacramento Kings,5,Vanderbilt,2016 Rnd 1 Pick 30,United States
5,Derrick Jones,SF,6-Jun,210,24,Chicago Bulls,5,UNLV,"2016 NBA Draft, Undrafted",United States
5,Herb Jones,SF,6-Jun,206,23,New Orleans Pelicans,0,Alabama,2021 Rnd 2 Pick 5,United States
23,Kai Jones,PF,10-Jun,225,20,Charlotte Hornets,0,Texas,2021 Rnd 1 Pick 19,Bahamas
33,Tre Jones,PG,3-Jun,185,21,San Antonio Spurs,1,Duke,2020 Rnd 2 Pick 11,United States
21,Tyus Jones,PG,1-Jun,196,25,Memphis Grizzlies,6,Duke,2015 Rnd 1 Pick 24,United States
10,DeAndre Jordan,C,11-Jun,265,33,Los Angeles Lakers,13,Texas A&M,2008 Rnd 2 Pick 5,United States
18,Cory Joseph,PG,3-Jun,200,30,Detroit Pistons,10,Texas,2011 Rnd 1 Pick 29,Canada
41,Frank Kaminsky,F,1-Jul,242,28,Phoenix Suns,6,Wisconsin,2015 Rnd 1 Pick 9,United States
13,Enes Kanter,F,10-Jun,250,29,Boston Celtics,10,Kentucky,2011 Rnd 1 Pick 3,Switzerland
5,Luke Kennard,SG,5-Jun,206,25,Los Angeles Clippers,4,Duke,2017 Rnd 1 Pick 12,United States
14,Louis King,SF,7-Jun,205,22,Sacramento Kings,2,Oregon,"2019 NBA Draft, Undrafted",United States
24,Corey Kispert,SF,7-Jun,220,22,Washington Wizards,0,Gonzaga,2021 Rnd 1 Pick 15,United States
42,Maxi Kleber,PF,10-Jun,240,29,Dallas Mavericks,4,s.Oliver Baskets (Germany),"2014 NBA Draft, Undrafted",Germany
13,Nathan Knight,PF,8-Jun,244,24,Minnesota Timberwolves,1,William & Mary,"2020 NBA Draft, Undrafted",United States
20,Kevin Knox,SF,9-Jun,215,22,New York Knicks,3,Kentucky,2018 Rnd 1 Pick 9,United States
46,John Konchar,G,5-Jun,210,25,Memphis Grizzlies,2,Fort Wayne,"2019 NBA Draft, Undrafted",United States
30,Furkan Korkmaz,SG,7-Jun,210,24,Philadelphia Sixers,4,Anadolu Efes (Turkey),2016 Rnd 1 Pick 26,Turkey
27,Vit Krejci,PG,8-Jun,195,21,Oklahoma City Thunder,0,Zaragoza U18 (Spain),2020 Rnd 2 Pick 7,Czech Republic
98,Arnoldas Kulboka,SF,10-Jun,225,24,Charlotte Hornets,0,Orlandina Basket (Italy),2018 Rnd 2 Pick 25,Lithuania
0,Jonathan Kuminga,F,8-Jun,210,19,Golden State Warriors,0,NBA G League Ignite,2021 Rnd 1 Pick 7,Democratic Republic of the Congo
33,Kyle Kuzma,F,10-Jun,221,26,Washington Wizards,4,Utah,2017 Rnd 1 Pick 27,United States
8,Zach LaVine,SG,5-Jun,202,26,Chicago Bulls,7,UCLA,2014 Rnd 1 Pick 13,United States
26,Jeremy Lamb,SG,5-Jun,185,29,Indiana Pacers,9,Connecticut,2012 Rnd 1 Pick 12,United States
34,Jock Landale,C,11-Jun,255,26,San Antonio Spurs,0,Saint Mary's,"2018 NBA Draft, Undrafted",Australia
9,Romeo Langford,SG,4-Jun,215,22,Boston Celtics,2,Indiana,2019 Rnd 1 Pick 14,United States
10,Jake Layman,SF,8-Jun,212,27,Minnesota Timberwolves,5,Maryland,2016 Rnd 2 Pick 17,United States
22,Caris LeVert,G,6-Jun,205,27,Indiana Pacers,5,Michigan,2016 Rnd 1 Pick 20,United States
1,Damion Lee,G,5-Jun,203,29,Golden State Warriors,4,Louisville,"2016 NBA Draft, Undrafted",United States
38,Saben Lee,PG,2-Jun,183,22,Detroit Pistons,1,Vanderbilt,2020 Rnd 2 Pick 8,United States
25,Alex Len,C,1-Jul,250,28,Sacramento Kings,8,Maryland,2013 Rnd 1 Pick 5,Ukraine
2,Kawhi Leonard,F,7-Jun,225,30,Los Angeles Clippers,10,San Diego State,2011 Rnd 1 Pick 15,United States
13,"Kira Lewis, Jr.",PG,1-Jun,170,20,New Orleans Pelicans,1,Alabama,2020 Rnd 1 Pick 13,United States
16,Scottie Lewis,SF,4-Jun,190,22,Charlotte Hornets,0,Florida,2021 Rnd 2 Pick 26,United States
0,Damian Lillard,G,2-Jun,195,31,Portland Trail Blazers,9,Weber State,2012 Rnd 1 Pick 6,United States
9,Nassir Little,SF,5-Jun,220,21,Portland Trail Blazers,2,North Carolina,2019 Rnd 1 Pick 25,United States
12,Isaiah Livers,PF,7-Jun,230,23,Detroit Pistons,0,Michigan,2021 Rnd 2 Pick 12,United States
5,Kevon Looney,PF,9-Jun,250,25,Golden State Warriors,6,UCLA,2015 Rnd 1 Pick 30,United States
11,Brook Lopez,C,1-Jul,270,33,Milwaukee Bucks,13,Stanford,2008 Rnd 1 Pick 10,United States
33,Robin Lopez,FC,1-Jul,281,33,Orlando Magic,13,Stanford,2008 Rnd 1 Pick 15,United States
0,Didi Louzada,SF,5-Jun,210,22,New Orleans Pelicans,1,Franca (Brazil),2019 Rnd 2 Pick 5,Brazil
0,Kevin Love,FC,8-Jun,247,33,Cleveland Cavaliers,13,UCLA,2008 Rnd 1 Pick 5,United States
7,Kyle Lowry,PG,1-Jun,196,35,Miami Heat,15,Villanova,2006 Rnd 1 Pick 24,United States
7,Timothe Luwawu-Cabarrot,F,7-Jun,210,26,Atlanta Hawks,5,KK Mega Bemax (Serbia),2016 Rnd 1 Pick 24,France
8,Trey Lyles,SF,9-Jun,234,26,Detroit Pistons,6,Kentucky,2015 Rnd 1 Pick 12,Canada
11,Theo Maledon,PG,5-Jun,180,20,Oklahoma City Thunder,1,ASVEL Basket (France),2020 Rnd 2 Pick 4,France
54,Sandro Mamukelashvili,F,11-Jun,240,24,Milwaukee Bucks,0,Seton Hall,2021 Rnd 2 Pick 24,Georgia
14,Terance Mann,SG,5-Jun,215,25,Los Angeles Clippers,2,Florida State,2019 Rnd 2 Pick 18,United States
23,Tre Mann,PG,5-Jun,190,20,Oklahoma City Thunder,0,Florida,2021 Rnd 1 Pick 18,United States
51,Boban Marjanovic,C,4-Jul,290,33,Dallas Mavericks,6,KK Vrsac Swisslion (Serbia),"2010 NBA Draft, Undrafted",Serbia
24,Lauri Markkanen,SF,1-Jul,238,24,Cleveland Cavaliers,4,Arizona,2017 Rnd 1 Pick 7,Finland
8,Naji Marshall,SF,7-Jun,220,23,New Orleans Pelicans,1,Xavier,"2020 NBA Draft, Undrafted",United States
16,Caleb Martin,F,7-Jun,205,26,Miami Heat,2,Nevada,"2019 NBA Draft, Undrafted",United States
11,Cody Martin,F,6-Jun,200,26,Charlotte Hornets,2,Nevada,2019 Rnd 2 Pick 6,United States
6,Kenyon Martin Jr.,F,7-Jun,215,20,Houston Rockets,1,IMG Academy (Florida),2020 Rnd 2 Pick 22,United States
21,Kelan Martin,SF,5-Jun,230,26,Indiana Pacers,2,Butler,"2018 NBA Draft, Undrafted",United States
24,Garrison Mathews,SG,5-Jun,215,25,Houston Rockets,2,Lipscomb,"2019 NBA Draft, Undrafted",United States
0,Tyrese Maxey,PG,2-Jun,195,21,Philadelphia Sixers,1,Kentucky,2020 Rnd 1 Pick 21,United States
4,Skylar Mays,PG,4-Jun,205,24,Atlanta Hawks,1,LSU,2020 Rnd 2 Pick 20,United States
2,Miles McBride,G,2-Jun,196,21,New York Knicks,0,West Virginia,2021 Rnd 2 Pick 6,United States
3,Cj McCollum,G,3-Jun,190,30,Portland Trail Blazers,8,Lehigh,2013 Rnd 1 Pick 10,United States
9,TJ McConnell,G,2-Jun,190,29,Indiana Pacers,6,Arizona,"2015 NBA Draft, Undrafted",United States
3,Jaden McDaniels,F,9-Jun,185,21,Minnesota Timberwolves,1,Washington,2020 Rnd 1 Pick 28,United States
6,Jalen McDaniels,PF,9-Jun,212,23,Charlotte Hornets,2,San Diego State,2019 Rnd 2 Pick 22,United States
17,Doug McDermott,F,8-Jun,225,29,San Antonio Spurs,7,Creighton,2014 Rnd 1 Pick 11,United States
34,JaVale McGee,C,1-Jul,270,33,Phoenix Suns,13,Nevada,2008 Rnd 1 Pick 18,United States
17,Rodney McGruder,SG,4-Jun,205,30,Detroit Pistons,5,Kansas State,"2013 NBA Draft, Undrafted",United States
30,JaQuori McLaughlin,PG,4-Jun,190,24,Dallas Mavericks,0,UC Santa Barbara,"2021 NBA Draft, Undrafted",United States
6,Jordan McLaughlin,G,1-Jun,185,25,Minnesota Timberwolves,2,USC,"2018 NBA Draft, Undrafted",United States
23,Ben McLemore,SG,3-Jun,195,28,Portland Trail Blazers,8,Kansas,2013 Rnd 1 Pick 7,United States
0,De'Anthony Melton,SG,2-Jun,200,23,Memphis Grizzlies,3,USC,2018 Rnd 2 Pick 16,United States
25,Sam Merrill,G,4-Jun,197,25,Memphis Grizzlies,1,Utah State,2020 Rnd 2 Pick 30,United States
25,Chimezie Metu,PF,10-Jun,225,24,Sacramento Kings,3,USC,2018 Rnd 2 Pick 19,United States
22,Khris Middleton,SF,8-Jun,222,30,Milwaukee Bucks,9,Texas A&M,2012 Rnd 2 Pick 9,United States
8,Patty Mills,G,1-Jun,180,33,Brooklyn Nets,12,Saint Mary's,2009 Rnd 2 Pick 25,Australia
31,Paul Millsap,FC,7-Jun,250,36,Brooklyn Nets,15,Louisiana Tech,2006 Rnd 2 Pick 17,United States
18,Shake Milton,SG,5-Jun,215,25,Philadelphia Sixers,3,Southern Methodist,2018 Rnd 2 Pick 24,United States
15,Davion Mitchell,PG,2-Jun,205,23,Sacramento Kings,0,Baylor,2021 Rnd 1 Pick 9,United States
45,Donovan Mitchell,SG,3-Jun,215,25,Utah Jazz,4,Louisville,2017 Rnd 1 Pick 13,United States
4,Evan Mobley,PF,1-Jul,215,20,Cleveland Cavaliers,0,USC,2021 Rnd 1 Pick 3,United States
11,Malik Monk,SG,3-Jun,200,23,Los Angeles Lakers,4,Kentucky,2017 Rnd 1 Pick 11,United States
4,Moses Moody,SG,6-Jun,205,19,Golden State Warriors,0,Arkansas,2021 Rnd 1 Pick 14,United States
55,ETwaun Moore,SG,4-Jun,191,32,Orlando Magic,10,Purdue,2011 Rnd 2 Pick 25,United States
12,Ja Morant,G,3-Jun,175,22,Memphis Grizzlies,2,Murray State,2019 Rnd 1 Pick 2,United States
8,Marcus Morris,F,8-Jun,218,32,Los Angeles Clippers,10,Kansas,2011 Rnd 1 Pick 14,United States
8,Markieff Morris,PF,10-Jun,245,32,Miami Heat,10,Kansas,2011 Rnd 1 Pick 13,United States
11,Monte Morris,G,2-Jun,183,26,Denver Nuggets,4,Iowa State,2017 Rnd 2 Pick 21,United States
2,Mychal Mulder,GF,4-Jun,193,27,Orlando Magic,2,Kentucky,"2017 NBA Draft, Undrafted",Canada
25,Trey Murphy III,G,8-Jun,208,21,New Orleans Pelicans,0,Virginia,2021 Rnd 1 Pick 17,United States
5,Dejounte Murray,SG,5-Jun,180,25,San Antonio Spurs,5,Washington,2016 Rnd 1 Pick 29,United States
27,Jamal Murray,SG,4-Jun,215,24,Denver Nuggets,5,Kentucky,2016 Rnd 1 Pick 7,Canada
33,Mike Muscala,FC,11-Jun,240,30,Oklahoma City Thunder,8,Bucknell,2013 Rnd 2 Pick 14,United States
14,Svi Mykhailiuk,SF,8-Jun,205,24,Toronto Raptors,3,Kansas,2018 Rnd 2 Pick 17,Ukraine
11,Abdel Nader,SF,6-Jun,225,28,Phoenix Suns,4,Iowa State,2016 Rnd 2 Pick 28,United States
11,"Larry Nance, Jr.",SF,7-Jun,245,28,Portland Trail Blazers,6,Wyoming,2015 Rnd 1 Pick 27,United States
5,RJ Nembhard,PG,5-Jun,200,22,Cleveland Cavaliers,0,Texas Christian,"2021 NBA Draft, Undrafted",United States
26,Aaron Nesmith,F,6-Jun,213,22,Boston Celtics,1,Vanderbilt,2020 Rnd 1 Pick 14,United States
19,Raulzinho Neto,PG,1-Jun,180,29,Washington Wizards,6,Acunsa GBC (Spain),2013 Rnd 2 Pick 17,Brazil
20,Georges Niang,F,7-Jun,235,28,Philadelphia Sixers,5,Iowa State,2016 Rnd 2 Pick 20,United States
15,Daishen Nix,GF,5-Jun,224,19,Houston Rockets,0,NBA G League Ignite,"2021 NBA Draft, Undrafted",United States
22,Zeke Nnaji,PF,11-Jun,240,20,Denver Nuggets,1,Arizona,2020 Rnd 1 Pick 22,United States
3,Nerlens Noel,FC,11-Jun,220,27,New York Knicks,8,Kentucky,2013 Rnd 1 Pick 6,United States
4,Jaylen Nowell,SG,4-Jun,197,22,Minnesota Timberwolves,2,Washington,2019 Rnd 2 Pick 13,United States
21,Frank Ntilikina,PG,6-Jun,200,23,Dallas Mavericks,4,Strasbourg IG (France),2017 Rnd 1 Pick 8,Belgium
12,Kendrick Nunn,SG,3-Jun,195,26,Los Angeles Lakers,3,Oakland,"2018 NBA Draft, Undrafted",United States
27,Jusuf Nurkic,FC,1-Jul,290,27,Portland Trail Blazers,7,Cedevita (Croatia),2014 Rnd 1 Pick 16,Bosnia and Herzegovina
2,David Nwaba,G,5-Jun,219,28,Houston Rockets,5,Cal Poly,"2016 NBA Draft, Undrafted",United States
13,Jordan Nwora,F,8-Jun,226,23,Milwaukee Bucks,1,Louisville,2020 Rnd 2 Pick 15,United States
23,Royce ONeale,SF,6-Jun,226,28,Utah Jazz,4,Baylor,"2015 NBA Draft, Undrafted",United States
37,Semi Ojeleye,SF,6-Jun,240,26,Milwaukee Bucks,4,Southern Methodist,2017 Rnd 2 Pick 7,United States
3,Chuma Okeke,PF,8-Jun,230,23,Orlando Magic,1,Auburn,2019 Rnd 1 Pick 16,United States
20,Josh Okogie,SG,4-Jun,220,23,Minnesota Timberwolves,3,Georgia Tech,2018 Rnd 1 Pick 20,Nigeria
17,Onyeka Okongwu,PF,9-Jun,245,20,Atlanta Hawks,1,USC,2020 Rnd 1 Pick 6,United States
35,Isaac Okoro,SG,5-Jun,225,20,Cleveland Cavaliers,1,Auburn,2020 Rnd 1 Pick 5,United States
11,KZ Okpala,SG,8-Jun,215,22,Miami Heat,2,Stanford,2019 Rnd 2 Pick 2,United States
4,Victor Oladipo,G,4-Jun,210,29,Miami Heat,8,Indiana,2013 Rnd 1 Pick 2,United States
13,Kelly Olynyk,C,11-Jun,240,30,Detroit Pistons,8,Gonzaga,2013 Rnd 1 Pick 13,Canada
2,Eugene Omoruyi,F,6-Jun,235,25,Dallas Mavericks,0,Oregon,"2021 NBA Draft, Undrafted",Canada
81,Miye Oni,SF,5-Jun,206,24,Utah Jazz,2,Yale,2019 Rnd 2 Pick 28,United States
16,Cedi Osman,GF,7-Jun,230,26,Cleveland Cavaliers,4,Anadolu Efes (Turkey),2015 Rnd 2 Pick 1,North Macedonia
12,"Kelly Oubre, Jr.",SF,6-Jun,205,25,Charlotte Hornets,6,Kansas,2015 Rnd 1 Pick 15,United States
6,Kevin Pangos,PG,2-Jun,185,28,Cleveland Cavaliers,0,Gonzaga,"2015 NBA Draft, Undrafted",Canada
20,Jabari Parker,F,8-Jun,245,26,Boston Celtics,7,Duke,2014 Rnd 1 Pick 2,United States
0,Eric Paschall,F,6-Jun,264,25,Utah Jazz,2,Villanova,2019 Rnd 2 Pick 11,United States
3,Chris Paul,PG,1-Jun,175,36,Phoenix Suns,16,Wake Forest,2005 Rnd 1 Pick 4,United States
15,Cameron Payne,G,3-Jun,190,27,Phoenix Suns,6,Murray State,2015 Rnd 1 Pick 14,United States
20,Gary Payton II,G,3-Jun,195,29,Golden State Warriors,5,Oregon State,"2016 NBA Draft, Undrafted",United States
2,Elfrid Payton,G,4-Jun,185,27,Phoenix Suns,7,Louisiana,2014 Rnd 1 Pick 10,United States
24,Jamorko Pickett,F,8-Jun,198,23,Detroit Pistons,0,Georgetown,"2021 NBA Draft, Undrafted",United States
24,Mason Plumlee,PF,1-Jul,250,31,Charlotte Hornets,8,Duke,2013 Rnd 1 Pick 22,United States
25,Jakob Poeltl,C,1-Jul,240,26,San Antonio Spurs,5,Utah,2016 Rnd 1 Pick 9,Austria
17,Aleksej Pokusevski,C,1-Jul,190,19,Oklahoma City Thunder,1,Olympiacos U18 (Greece),2020 Rnd 1 Pick 17,Serbia
5,Yves Pons,GF,6-Jun,206,22,Memphis Grizzlies,0,Tennessee,"2021 NBA Draft, Undrafted",Haiti
3,Jordan Poole,SG,4-Jun,195,22,Golden State Warriors,2,Michigan,2019 Rnd 1 Pick 28,United States
3,"Kevin Porter, Jr.",SF,4-Jun,203,21,Houston Rockets,2,USC,2019 Rnd 1 Pick 30,United States
1,"Michael Porter, Jr.",PF,10-Jun,218,23,Denver Nuggets,3,Missouri,2018 Rnd 1 Pick 14,United States
32,Otto Porter,SF,8-Jun,228,28,Golden State Warriors,8,Georgetown,2013 Rnd 1 Pick 3,United States
1,Bobby Portis,PF,11-Jun,250,26,Milwaukee Bucks,6,Arkansas,2015 Rnd 1 Pick 22,United States
6,Kristaps Porzingis,FC,3-Jul,240,26,Dallas Mavericks,6,Coosur Real Betis (Spain),2015 Rnd 1 Pick 4,Latvia
7,Dwight Powell,PF,10-Jun,240,30,Dallas Mavericks,7,Stanford,2014 Rnd 2 Pick 15,Canada
24,Norman Powell,SG,3-Jun,215,28,Portland Trail Blazers,6,UCLA,2015 Rnd 2 Pick 16,United States
17,Jason Preston,G,3-Jun,181,22,Los Angeles Clippers,0,Ohio,2021 Rnd 2 Pick 3,United States
11,Joshua Primo,G,6-Jun,190,18,San Antonio Spurs,0,Alabama,2021 Rnd 1 Pick 12,Canada
12,Taurean Prince,F,7-Jun,218,27,Minnesota Timberwolves,5,Baylor,2016 Rnd 1 Pick 12,United States
11,Payton Pritchard,PG,2-Jun,190,23,Boston Celtics,1,Oregon,2020 Rnd 1 Pick 26,United States
88,Neemias Queta,C,1-Jul,245,22,Sacramento Kings,0,Utah State,2021 Rnd 2 Pick 9,Portugal
5,Immanuel Quickley,PG,3-Jun,188,22,New York Knicks,1,Kentucky,2020 Rnd 1 Pick 25,United States
3,Jahmi'us Ramsey,PG,3-Jun,195,20,Sacramento Kings,1,Texas Tech,2020 Rnd 2 Pick 13,United States
30,Julius Randle,PF,9-Jun,250,27,New York Knicks,7,Kentucky,2014 Rnd 1 Pick 7,United States
15,Austin Reaves,PG,5-Jun,206,23,Los Angeles Lakers,0,Oklahoma,"2021 NBA Draft, Undrafted",United States
22,Cam Reddish,G,8-Jun,218,22,Atlanta Hawks,2,Duke,2019 Rnd 1 Pick 10,United States
9,Davon Reed,SF,5-Jun,208,26,Denver Nuggets,2,Miami (FL),2017 Rnd 2 Pick 2,United States
44,"Paul Reed, Jr.",F,9-Jun,220,22,Philadelphia Sixers,1,DePaul,2020 Rnd 2 Pick 28,United States
11,Naz Reid,C,9-Jun,250,22,Minnesota Timberwolves,2,LSU,"2019 NBA Draft, Undrafted",United States
14,Nick Richards,C,1-Jul,250,24,Charlotte Hornets,1,Kentucky,2020 Rnd 2 Pick 12,Jamaica
8,Josh Richardson,G,5-Jun,200,28,Boston Celtics,6,Tennessee,2015 Rnd 2 Pick 10,United States
5,Grant Riller,SG,1-Jun,195,25,Philadelphia Sixers,1,Charleston,2020 Rnd 2 Pick 26,United States
25,Austin Rivers,SG,4-Jun,200,29,Denver Nuggets,9,Duke,2012 Rnd 1 Pick 10,United States
55,Duncan Robinson,F,8-Jun,210,27,Miami Heat,3,Michigan,"2018 NBA Draft, Undrafted",United States
23,Mitchell Robinson,C,1-Jul,240,23,New York Knicks,3,,2018 Rnd 2 Pick 6,United States
50,Jeremiah Robinson-Earl,PF,9-Jun,230,21,Oklahoma City Thunder,0,Villanova,2021 Rnd 2 Pick 2,United States
22,Isaiah Roby,SF,8-Jun,230,23,Oklahoma City Thunder,2,Nebraska,2019 Rnd 2 Pick 15,United States
4,Rajon Rondo,PG,1-Jun,180,35,Los Angeles Lakers,15,Kentucky,2006 Rnd 1 Pick 21,United States
4,Derrick Rose,PG,3-Jun,200,33,New York Knicks,13,Memphis,2008 Rnd 1 Pick 1,United States
31,Terrence Ross,SF,7-Jun,206,30,Orlando Magic,9,Washington,2012 Rnd 1 Pick 8,United States
3,Terry Rozier,G,1-Jun,195,27,Charlotte Hornets,6,Louisville,2015 Rnd 1 Pick 16,United States
3,Ricky Rubio,G,3-Jun,190,31,Cleveland Cavaliers,10,Joventut Badalona (Spain),2009 Rnd 1 Pick 5,Spain
0,DAngelo Russell,SG,4-Jun,193,25,Minnesota Timberwolves,6,Ohio State,2015 Rnd 1 Pick 2,United States
11,Domantas Sabonis,PF,11-Jun,240,25,Indiana Pacers,5,Gonzaga,2016 Rnd 1 Pick 11,United States
19,Luka Samanic,PF,11-Jun,235,21,New York Knicks,2,Union Olimpija (Slovenia),2019 Rnd 1 Pick 19,Croatia
20,Dario Saric,SF,10-Jun,250,27,Phoenix Suns,5,KK Cibona (Croatia),2014 Rnd 1 Pick 12,Croatia
31,Tomas Satoransky,PG,7-Jun,210,30,New Orleans Pelicans,5,Coosur Real Betis (Spain),2012 Rnd 2 Pick 2,Czech Republic
71,Dennis Schroder,PG,3-Jun,172,28,Boston Celtics,8,Basketball Lowen Braunschweig (Germany),2013 Rnd 1 Pick 17,Germany
0,Jayden Scrubb,SG,5-Jun,220,21,Los Angeles Clippers,1,John A. Logan,2020 Rnd 2 Pick 25,United States
11,Wayne Selden,SG,5-Jun,230,27,New York Knicks,3,Kansas,"2016 NBA Draft, Undrafted",United States
28,Alperen Sengun,C,9-Jun,235,19,Houston Rockets,0,Besiktas Icrypex (Turkey),2021 Rnd 1 Pick 16,Turkey
2,Collin Sexton,PG,1-Jun,192,22,Cleveland Cavaliers,3,Alabama,2018 Rnd 1 Pick 8,United States
14,Landry Shamet,PG,4-Jun,190,24,Phoenix Suns,3,Wichita State,2018 Rnd 1 Pick 26,United States
20,Day'Ron Sharpe,PF,9-Jun,264,20,Brooklyn Nets,0,North Carolina,2021 Rnd 1 Pick 29,United States
43,Pascal Siakam,F,9-Jun,230,27,Toronto Raptors,5,New Mexico State,2016 Rnd 1 Pick 27,Cameroon
25,Ben Simmons,PF,10-Jun,240,25,Philadelphia Sixers,5,LSU,2016 Rnd 1 Pick 1,Australia
19,Marko Simonovic,C,11-Jun,220,22,Chicago Bulls,0,KK Mega Bemax (Serbia),2020 Rnd 2 Pick 14,Montenegro
1,Anfernee Simons,SG,3-Jun,181,22,Portland Trail Blazers,3,Edgewater High School (Florida),2018 Rnd 1 Pick 24,United States
45,Jericho Sims,C,10-Jun,240,24,New York Knicks,0,Texas,2021 Rnd 2 Pick 28,United States
15,Ja'Vonte Smart,G,4-Jun,205,22,Milwaukee Bucks,0,LSU,"2021 NBA Draft, Undrafted",United States
36,Marcus Smart,PG,3-Jun,220,27,Boston Celtics,7,Oklahoma State,2014 Rnd 1 Pick 6,United States
0,Chris Smith,SF,9-Jun,215,23,Detroit Pistons,0,UCLA,"2021 NBA Draft, Undrafted",United States
10,Dennis Smith,PG,2-Jun,205,24,Portland Trail Blazers,4,NC State,2017 Rnd 1 Pick 9,United States
10,Ish Smith,PG,1-Jun,180,33,Charlotte Hornets,11,Wake Forest,"2010 NBA Draft, Undrafted",United States
10,Jalen Smith,C,10-Jun,215,21,Phoenix Suns,1,Maryland,2020 Rnd 1 Pick 10,United States
17,Tony Snell,G,6-Jun,213,30,Portland Trail Blazers,8,New Mexico,2013 Rnd 1 Pick 20,United States
11,Jaden Springer,SG,4-Jun,205,19,Philadelphia Sixers,0,Tennessee,2021 Rnd 1 Pick 28,United States
8,Lamar Stevens,SF,8-Jun,225,24,Cleveland Cavaliers,1,Penn State,"2020 NBA Draft, Undrafted",United States
28,Isaiah Stewart II,C,9-Jun,250,20,Detroit Pistons,1,Washington,2020 Rnd 1 Pick 16,United States
31,Max Strus,G,5-Jun,220,25,Miami Heat,2,DePaul,"2019 NBA Draft, Undrafted",United States
4,Jalen Suggs,SG,4-Jun,205,20,Orlando Magic,0,Gonzaga,2021 Rnd 1 Pick 5,United States
8,Jae'sean Tate,F,4-Jun,230,26,Houston Rockets,1,Ohio State,"2018 NBA Draft, Undrafted",United States
0,Jayson Tatum,SF,8-Jun,210,23,Boston Celtics,4,Duke,2017 Rnd 1 Pick 3,United States
41,Garrett Temple,G,5-Jun,195,35,New Orleans Pelicans,11,LSU,"2009 NBA Draft, Undrafted",United States
27,Daniel Theis,C,8-Jun,245,29,Houston Rockets,4,Ratiopharm Ulm (Germany),"2013 NBA Draft, Undrafted",Germany
97,Brodric Thomas,G,5-Jun,185,24,Boston Celtics,1,Truman State,"2020 NBA Draft, Undrafted",United States
24,Cam Thomas,PG,3-Jun,210,20,Brooklyn Nets,0,LSU,2021 Rnd 1 Pick 27,United States
21,Matt Thomas,G,4-Jun,190,27,Chicago Bulls,2,Iowa State,"2017 NBA Draft, Undrafted",United States
11,Klay Thompson,G,6-Jun,215,31,Golden State Warriors,10,Washington State,2011 Rnd 1 Pick 11,United States
13,Tristan Thompson,F,9-Jun,254,30,Sacramento Kings,10,Texas,2011 Rnd 1 Pick 4,Canada
21,Jt Thor,PF,9-Jun,205,19,Charlotte Hornets,0,Auburn,2021 Rnd 2 Pick 7,United States
22,Matisse Thybulle,SF,5-Jun,205,24,Philadelphia Sixers,2,Washington,2019 Rnd 1 Pick 20,United States
35,Killian Tillie,C,10-Jun,220,24,Memphis Grizzlies,1,Gonzaga,"2020 NBA Draft, Undrafted",France
2,"Xavier Tillman, Sr.",PF,8-Jun,245,22,Memphis Grizzlies,1,Michigan State,2020 Rnd 2 Pick 5,United States
14,Isaiah Todd,PF,10-Jun,210,20,Washington Wizards,0,NBA G League Ignite,2021 Rnd 2 Pick 1,United States
1,Obi Toppin,F,9-Jun,193,23,New York Knicks,1,Dayton,2020 Rnd 1 Pick 8,United States
95,Juan Toscano-Anderson,F,6-Jun,213,28,Golden State Warriors,2,Marquette,"2015 NBA Draft, Undrafted",United States
32,Karl-Anthony Towns,C,1-Jul,250,26,Minnesota Timberwolves,6,Kentucky,2015 Rnd 1 Pick 1,United States
33,"Gary Trent, Jr.",SG,6-Jun,205,22,Toronto Raptors,3,Duke,2018 Rnd 2 Pick 7,United States
17,PJ Tucker,SF,6-Jun,245,36,Miami Heat,10,Texas,2006 Rnd 2 Pick 5,United States
33,Myles Turner,FC,11-Jun,250,25,Indiana Pacers,6,Texas,2015 Rnd 1 Pick 11,United States
17,Jonas Valanciunas,C,11-Jun,265,29,New Orleans Pelicans,9,Lietuvos Rytas (Lithuania),2011 Rnd 1 Pick 5,Lithuania
45,Denzel Valentine,F,5-Jun,218,28,Cleveland Cavaliers,5,Michigan State,2016 Rnd 1 Pick 14,United States
23,Fred VanVleet,G,1-Jun,195,27,Toronto Raptors,5,Wichita State,"2016 NBA Draft, Undrafted",United States
3,Jarred Vanderbilt,PF,8-Jun,214,22,Minnesota Timberwolves,3,Kentucky,2018 Rnd 2 Pick 11,United States
24,Devin Vassell,SG,7-Jun,195,21,San Antonio Spurs,1,Florida State,2020 Rnd 1 Pick 11,United States
2,Gabe Vincent,G,3-Jun,195,25,Miami Heat,2,UC Santa Barbara,"2018 NBA Draft, Undrafted",United States
9,Nikola Vucevic,PF,1-Jul,260,31,Chicago Bulls,10,USC,2011 Rnd 1 Pick 16,Switzerland
32,Dean Wade,PF,9-Jun,219,25,Cleveland Cavaliers,2,Kansas State,"2019 NBA Draft, Undrafted",United States
21,Franz Wagner,SF,9-Jun,225,20,Orlando Magic,0,Michigan,2021 Rnd 1 Pick 8,Germany
21,Moe Wagner,PF,11-Jun,245,24,Orlando Magic,3,Michigan,2018 Rnd 1 Pick 25,Germany
12,Ishmail Wainright,GF,5-Jun,235,27,Phoenix Suns,0,Baylor,"2017 NBA Draft, Undrafted",United States
8,Kemba Walker,G,1-Jun,184,31,New York Knicks,10,Connecticut,2011 Rnd 1 Pick 9,United States
1,Lonnie Walker,SG,5-Jun,205,22,San Antonio Spurs,3,Miami (FL),2018 Rnd 1 Pick 18,United States
1,John Wall,PG,4-Jun,210,31,Houston Rockets,11,Kentucky,2010 Rnd 1 Pick 1,United States
10,Brad Wanamaker,SG,3-Jun,210,32,Indiana Pacers,3,Pittsburgh,"2011 NBA Draft, Undrafted",United States
1,TJ Warren,F,8-Jun,215,28,Indiana Pacers,7,NC State,2014 Rnd 1 Pick 14,United States
4,"Duane Washington, Jr.",G,3-Jun,210,22,Indiana Pacers,0,Ohio State,"2021 NBA Draft, Undrafted",United States
25,PJ Washington,PF,7-Jun,230,23,Charlotte Hornets,2,Kentucky,2019 Rnd 1 Pick 12,United States
18,Yuta Watanabe,F,9-Jun,205,27,Toronto Raptors,3,George Washington,"2018 NBA Draft, Undrafted",Japan
2,Trendon Watford,SF,9-Jun,237,21,Portland Trail Blazers,0,LSU,"2021 NBA Draft, Undrafted",United States
8,Paul Watson,GF,6-Jun,210,26,Oklahoma City Thunder,2,Fresno State,"2017 NBA Draft, Undrafted",United States
0,Russell Westbrook,G,3-Jun,200,33,Los Angeles Lakers,13,UCLA,2008 Rnd 1 Pick 4,United States
0,Coby White,PG,5-Jun,191,21,Chicago Bulls,2,North Carolina,2019 Rnd 1 Pick 7,United States
4,Derrick White,G,4-Jun,195,27,San Antonio Spurs,4,Colorado,2017 Rnd 1 Pick 29,United States
21,Hassan Whiteside,C,1-Jul,265,32,Utah Jazz,9,Marshall,2010 Rnd 2 Pick 3,United States
15,Joe Wieskamp,SF,6-Jun,210,22,San Antonio Spurs,0,Iowa,2021 Rnd 2 Pick 11,United States
21,Aaron Wiggins,F,6-Jun,200,23,Oklahoma City Thunder,0,Maryland,2021 Rnd 2 Pick 25,United States
22,Andrew Wiggins,F,7-Jun,205,26,Golden State Warriors,7,Kansas,2014 Rnd 1 Pick 1,Canada
40,Grant Williams,SF,6-Jun,236,23,Boston Celtics,2,Tennessee,2019 Rnd 1 Pick 22,United States
34,Kenrich Williams,SF,7-Jun,210,27,Oklahoma City Thunder,3,Texas Christian,"2018 NBA Draft, Undrafted",United States
23,Lou Williams,G,1-Jun,175,35,Atlanta Hawks,16,South Gwinnett High School (Georgia),2005 Rnd 2 Pick 15,United States
44,Patrick Williams,G,7-Jun,227,20,Chicago Bulls,1,Florida State,2020 Rnd 1 Pick 4,United States
44,Robert Williams,PF,8-Jun,240,24,Boston Celtics,3,Texas A&M,2018 Rnd 1 Pick 27,United States
8,Ziaire Williams,F,9-Jun,185,20,Memphis Grizzlies,0,Stanford,2021 Rnd 1 Pick 10,United States
1,Zion Williamson,PF,6-Jun,284,21,New Orleans Pelicans,2,Duke,2019 Rnd 1 Pick 1,United States
9,Dylan Windler,SF,6-Jun,199,25,Cleveland Cavaliers,2,Belmont,2019 Rnd 1 Pick 26,United States
20,Justise Winslow,SF,6-Jun,222,25,Los Angeles Clippers,6,Duke,2015 Rnd 1 Pick 10,United States
5,Cassius Winston,PG,1-Jun,185,24,Washington Wizards,1,Michigan State,2020 Rnd 2 Pick 23,United States
33,James Wiseman,C,1-Jul,244,20,Golden State Warriors,1,Memphis,2020 Rnd 1 Pick 2,United States
35,Christian Wood,PF,10-Jun,223,26,Houston Rockets,5,UNLV,"2015 NBA Draft, Undrafted",United States
13,Robert Woodard II,G,7-Jun,235,22,Sacramento Kings,1,Mississippi State,2020 Rnd 2 Pick 10,United States
55,Delon Wright,G,5-Jun,185,29,Atlanta Hawks,6,Utah,2015 Rnd 1 Pick 20,United States
25,McKinley Wright,PG,1-Jun,196,23,Minnesota Timberwolves,0,Colorado,"2021 NBA Draft, Undrafted",United States
30,Thaddeus Young,F,8-Jun,235,33,San Antonio Spurs,14,Georgia Tech,2007 Rnd 1 Pick 12,United States
11,Trae Young,PG,1-Jun,180,23,Atlanta Hawks,3,Oklahoma,2018 Rnd 1 Pick 5,United States
77,Omer Yurtseven,C,1-Jul,265,23,Miami Heat,1,Georgetown,"2020 NBA Draft, Undrafted",Uzbekistan
40,Cody Zeller,F,11-Jun,240,29,Portland Trail Blazers,8,Indiana,2013 Rnd 1 Pick 4,United States
40,Ivica Zubac,C,1-Jul,240,24,Los Angeles Clippers,5,KK Mega Bemax (Serbia),2016 Rnd 2 Pick 2,Bosnia and Herzegovina
